Group,Colony,Trial,PreviousVideoTimes,video_name,video_num,video_time,abs_time,behaviour,origin,destination,nest,successful,focal,partner,notes
Choice,n.amb42,5,,166,,,113.241,start,,,NA,,,,
Choice,n.amb42,5,,166,,,545.524,discovery,,dark,dark,,gyo,,
Choice,n.amb42,5,,166,,,1126.991,tandem_run,,dark,dark,failed,owg,ooo,
Choice,n.amb42,5,,166,,,1171.958,tandem_run,,dark,dark,success,owg,bbg,
Choice,n.amb42,5,,166,,,1219.596,tandem_run,,dark,dark,failed,owg,wbw,
Choice,n.amb42,5,,166,,,1489.365,discovery,,dim,dim,,owg,,
Choice,n.amb42,5,,166,,,1758.653,transport,,dark,dark,,gyo,yob,
Choice,n.amb42,5,,166,,,1784.162,reverse_tandem_run,dark,,dark,failed,gyo,bbg,
Choice,n.amb42,5,,166,,,1826.692,transport,,dark,dark,,obb,g,
Choice,n.amb42,5,,166,,,1852.205,reverse_tandem_run,dark,,dark,success,gyo,ooo,
Choice,n.amb42,5,,166,,,1855.717,reverse_tandem_run,dark,,dark,success,gyo,gby,
Choice,n.amb42,5,,166,,,2099.19,transport,,dark,dark,,gwb,bog,
Choice,n.amb42,5,,166,,,2428.778,transport,,dark,dark,,owg,new_worker,
Choice,n.amb42,5,,166,,,2522.229,transport,,dark,dark,,bbg,bgy,
Choice,n.amb42,5,,166,,,2549.655,transport,,dark,dark,,yob,wog,
Choice,n.amb42,5,,166,,,2569.703,transport,,dark,dark,,gwb,yoy,
Choice,n.amb42,5,,166,,,2608.667,transport,,dark,dark,,wyb,ogw,
Choice,n.amb42,5,,166,,,2670.948,transport,,dark,dark,,obb,ybo,
Choice,n.amb42,5,,166,,,2680.588,transport,,dark,dark,,wwy,oyy,
Choice,n.amb42,5,,166,,,2707.813,transport,,dark,dark,,gyo,gow,
Choice,n.amb42,5,,166,,,2771.344,transport,,dark,dark,,wyb,ygy,
Choice,n.amb42,5,,166,,,2792.612,transport,,dark,dark,,gby,ggg,
Choice,n.amb42,5,,166,,,3095.011,transport,,dark,dark,,gyo,owg,
Choice,n.amb42,5,,166,,,3183.971,transport,dim,dark,dark,,ooo,yyg,
Choice,n.amb42,5,,166,,,3686.46,transport,,dark,dark,,ybo,yww,
Choice,n.amb42,5,,166,,,4141.59,transport,,dark,dark,,yyg,ggg,
Choice,n.amb42,5,,166,,,4283.463,transport,,dark,dark,,gyo,gwb,
Choice,n.amb42,5,,166,,,4506.736,transport,,dark,dark,,yww,gwb,
Choice,n.amb42,5,,166,,,6153.408,transport,,dark,dark,,bbg,bgy,
Choice,n.amb42,5,,166,,,6434.545,transport,,dark,dark,,gyo,yyg,
Choice,n.amb42,5,,166,,,7018.806,transport,,dark,dark,,bbg,owg,
Choice,n.amb42,5,,166,,,8205.585,transport,,dark,dark,,gyo,gby,
Choice,n.amb42,5,,166,,,8675.79,transport,,dark,dark,,gyo,owg,
Choice,n.amb42,5,,166,,,9759.584,transport,,dark,dark,,obb,owg,
Choice,n.amb42,5,,166,,,10035.636,transport,,dark,dark,,gyo,yyg,
Choice,n.amb42,5,,166,,,10492.163,transport,,dark,dark,,yyg,bbg,
Choice,n.amb42,5,,166,,,11618.118,transport,,dark,dark,,ooo,owg,
Choice,n.amb42,5,,166,,,13226.249,transport,,dark,dark,,wwy,gby,
Choice,n.amb42,1,,164,1,0.000763889,0.000763889,start,,,,,,,lighthadfellonthenestbeforetrialstart
Choice,n.amb42,1,,164,1,0.003391204,0.003391204,discovery,,dim,dim,,wyy,,wyyhasheadandtinybitofgasterpaint
Choice,n.amb42,1,,164,1,0.010972222,0.010972222,discovery,,dark,dark,,wog,,
Choice,n.amb42,1,0.016493056,164,2,0.001608796,0.018101852,transport,,dim,dim,,bbg,ggg,
Choice,n.amb42,1,0.016493056,164,2,0.00193287,0.018425926,transport,,dim,dim,,yww,gow,
Choice,n.amb42,1,0.016493056,164,2,0.006585648,0.023078704,transport,,dark,dark,,ooo,gwb,
Choice,n.amb42,1,0.016493056,164,2,0.007361111,0.023854167,reverse_tandem_run,dim,,dim,failed,yob,ggg,
Choice,n.amb42,1,0.016493056,164,2,0.008425926,0.024918981,transport,,dark,dark,,ooo,g,
Choice,n.amb42,1,0.016493056,164,2,0.00837963,0.024872685,transport,,dim,dim,,yob,oyy,
Choice,n.amb42,1,0.016493056,164,2,0.016458333,0.032951389,transport,,dark,dark,,ooo,ogw,
Choice,n.amb42,1,0.032986111,164,3,0.000266204,0.033252315,transport,,dark,dark,,obb,yyg,
Choice,n.amb42,1,0.032986111,164,3,0.000833333,0.033819444,transport,,dark,dark,,gow,wbw,
Choice,n.amb42,1,0.032986111,164,3,0.002060185,0.035046296,transport,,dim,dim,,gyo,wgo,
Choice,n.amb42,1,0.032986111,164,3,0.003854167,0.036840278,transport,,dark,dark,,wyb,ybo,
Choice,n.amb42,1,0.032986111,164,3,0.002951389,0.0359375,reverse_tandem_run,dim,,dim,failed,gyo,bbg,
Choice,n.amb42,1,0.032986111,164,3,0.002951389,0.0359375,reverse_tandem_run,dim,,dim,failed,gyo,gow,"inmiddleofarena,hadtocheckipod"
Choice,n.amb42,1,0.032986111,164,3,0.003090278,0.036076389,transport,,dark,dark,,ooo,yob,
Choice,n.amb42,1,0.032986111,164,3,0.014976852,0.047962963,transport,,dark,dark,,gyo,ggg,
Choice,n.amb42,1,0.049479167,164,4,0.002407407,0.051886574,transport,,dark,dark,,obb,ygy,
Choice,n.amb42,1,0.049479167,164,4,0.005740741,0.055219907,transport,,dark,dark,,yww,owg,
Choice,n.amb42,1,0.049479167,164,4,0.014351852,0.063831019,transport,,dark,dark,,wbw,oyy,
Choice,n.amb42,1,0.065972222,164,5,0.00162037,0.067592593,transport,,dim,dim,,gby,yob,
Choice,n.amb42,1,0.065972222,164,5,12:10:25AM,1:45:25AM,transport,,dark,dark,,owg,wwy,
Choice,n.amb42,1,0.065972222,164,,,,transport,,dim,dim,,,,missedbecausecamerawasoff
Choice,n.amb42,1,0.075185185,164,6,12:10:24AM,0.082407407,transport,dim,dim,dim,,bbg,wwy,
Choice,n.amb42,1,0.075185185,164,6,0.015914352,0.091099537,transport,dim,dark,dark,,gby,wwy,
Choice,n.amb42,1,0.091678241,164,7,0.003935185,0.095613426,transport,dim,dark,dark,,gby,wyb,
Choice,n.amb42,1,0.091678241,164,7,0.011909722,0.103587963,transport,dim,dark,dark,,gby,wog,
Choice,n.amb42,1,0.108171296,164,8,0.013136574,0.12130787,transport,,dim,dim,,yyg,yob,
Choice,n.amb42,1,0.124664352,164,9,0.002430556,0.127094907,transport,,dark,dark,,gby,wwy,
Choice,n.amb42,1,0.141157407,164,10,0.00369213,0.144849537,transport,,dark,dark,,gby,wyb,
Choice,n.amb42,1,0.174143519,164,12,0.01025463,0.184398148,transport,,dim,dim,,gby,yob,
Choice,n.amb42,3,,454,1,0.001030093,,start,,,,,,,
Choice,n.amb42,3,,454,1,0.009259259,,discovery,,dim,dim,,owg,,
Choice,n.amb42,3,,454,1,0.01037037,,discovery,,dark,dark,,bbg,,
Choice,n.amb42,3,0.016493056,454,2,0.006261574,0.02275463,reverse_tandem_run,dim,,dim,failed,wyb,bbg,
Choice,n.amb42,3,0.016493056,454,2,0.008912037,0.025405093,transport,,dim,dim,,wyb,yww,
Choice,n.amb42,3,0.016493056,454,2,0.009976852,0.026469907,reverse_tandem_run,dim,,dim,failed,bbg,ooo,
Choice,n.amb42,3,0.016493056,454,2,0.013206019,0.029699074,transport,,dark,dark,,gwb,oyy,
Choice,n.amb42,3,0.016493056,454,2,0.001782407,0.018275463,transport,,dim,dim,,bbg,g,
Choice,n.amb42,3,0.032986111,454,3,0.001666667,0.034652778,transport,,dark,dark,,owg,wgo,
Choice,n.amb42,3,0.032986111,454,3,0.001921296,0.034907407,transport,,dark,dark,,wbw,gow,
Choice,n.amb42,3,0.032986111,454,3,0.002337963,0.035324074,transport,,dark,dark,,yob,ogw,
Choice,n.amb42,3,0.032986111,454,3,0.003229167,0.036215278,transport,,dim,dim,,obb,ygy,
Choice,n.amb42,3,0.032986111,454,3,0.002592593,0.035578704,transport,,dark,dark,,yyg,ybo,
Choice,n.amb42,3,0.032986111,454,3,0.002743056,0.035729167,reverse_tandem_run,dark,dim,dim,success,gyo,ooo,
Choice,n.amb42,3,0.032986111,454,3,0.004791667,0.037777778,reverse_tandem_run,dark,dim,dim,success,gyo,gow,
Choice,n.amb42,3,0.032986111,454,3,0.010949074,0.043935185,reverse_tandem_run,dark,dim,dim,success,gyo,wbw,"reverseruncausegyotransportedtodarkfirst,eventhoughsheswitchestodimlateron"
Choice,n.amb42,3,0.049479167,454,4,1.16E-05,0.049490741,transport,,dark,dark,,gyo,owg,
Choice,n.amb42,3,0.049479167,454,4,0.004085648,0.053564815,transport,dim,dark,dark,,ooo,ggg,
Choice,n.amb42,3,0.049479167,454,4,0.006157407,0.055636574,transport,dark,dim,dim,,yyg,oyy,
Choice,n.amb42,3,0.049479167,454,4,0.010740741,0.060219907,transport,dim,dark,dark,,gyo,obb,
Choice,n.amb42,3,0.065972222,454,5,0.003043981,0.069016204,transport,dark,dim,dim,,wbw,gwb,
Choice,n.amb42,3,0.065972222,454,5,0.005219907,0.07119213,transport,,dim,dim,,wwy,gwb,
Choice,n.amb42,3,0.065972222,454,5,0.007453704,0.073425926,transport,,dim,dim,,gyo,owg,
Choice,n.amb42,3,0.065972222,454,5,0.010740741,0.076712963,transport,dark,dim,dim,,wwy,gwb,
Choice,n.amb42,3,0.082465278,454,6,0.008043981,0.090509259,transport,dark,dim,dim,,yyg,oyy,
Choice,n.amb42,3,0.098958333,454,7,0.00431713,0.103275463,transport,dim,dark,dark,,wbw,ggg,at30:00iniPod3
Choice,n.amb42,3,0.115451389,454,8,0.007407407,0.122858796,transport,,dark,dark,,gby,owg,
Choice,n.amb42,3,0.115451389,454,8,0.014699074,0.130150463,transport,dim,dark,dark,,yyg,gyo,
Choice,n.amb42,3,0.131944444,454,9,0.004363426,0.13630787,transport,dim,dark,dark,,yyg,bbg,
Choice,n.amb42,3,0.1484375,454,10,0.012696759,0.161134259,transport,dark,dim,dim,,gyo,ooo,
NoChoice,n.amb60,3,,849,1,0.001400463,,start,,,,,,,
NoChoice,n.amb60,3,,849,1,0.008078704,,discovery,,,,,gbo,,darknest
NoChoice,n.amb60,3,,849,1,0.012523148,,tandem_run,,dark,dark,failed,yog,oyo,
NoChoice,n.amb60,3,,849,1,0.012569444,,tandem_run,,dark,dark,failed,yog,oby,
NoChoice,n.amb60,3,0.016493056,849,2,3.47E-05,0.016527778,tandem_run,,dark,dark,failed,yog,yoo,
NoChoice,n.amb60,3,0.016493056,849,2,0.000787037,0.017280093,tandem_run,,dark,dark,failed,wyw,ybw,
NoChoice,n.amb60,3,0.016493056,849,2,0.000775463,0.017268519,tandem_run,,dark,dark,success,yog,ygo,
NoChoice,n.amb60,3,0.016493056,849,2,0.007407407,0.023900463,reverse_tandem_run,,dark,dark,failed,yog,wyw,
NoChoice,n.amb60,3,0.016493056,849,2,0.009652778,0.026145833,transport,,dark,dark,,wyw,b,
NoChoice,n.amb60,3,0.032986111,849,3,0.005763889,0.03875,reverse_tandem_run,,dark,dark,failed,woy,yoo,woy=whitehead
NoChoice,n.amb60,3,0.032986111,849,3,0.008113426,0.041099537,transport,,dark,dark,,oob,new_worker,
NoChoice,n.amb60,3,0.032986111,849,3,0.009444444,0.042430556,transport,,dark,dark,,wgg,ygo,
NoChoice,n.amb60,3,0.032986111,849,3,0.009490741,0.042476852,transport,,dark,dark,,ogy,ywy,wywkeepsdraggingobyoutofnest
NoChoice,n.amb60,3,0.032986111,849,3,0.010729167,0.043715278,transport,,dark,dark,,bwb,wbb,
NoChoice,n.amb60,3,0.049479167,849,4,0.003715278,0.053194444,transport,,dark,dark,,obg,bby,
NoChoice,n.amb60,3,0.1484375,849,10,0.015891204,0.164328704,transport,,dark,dark,,yog,oby,
NoChoice,n.amb60,5,,781,1,0.002002315,,start,,dim,dim,,,,dimnest
NoChoice,n.amb60,5,,781,1,0.005474537,,discovery,,dim,dim,,oyo,,
NoChoice,n.amb60,5,0.016493056,781,2,0.00037037,0.016863426,tandem_run,,dim,dim,failed,yog,ygo,
NoChoice,n.amb60,5,0.016493056,781,2,0.00037037,0.016863426,tandem_run,,dim,dim,failed,yog,obg,
NoChoice,n.amb60,5,0.016493056,781,2,0.004340278,0.020833333,transport,,dim,dim,,yog,new_worker,
NoChoice,n.amb60,5,0.016493056,781,2,0.006747685,0.023240741,transport,,dim,dim,,ogy,b,
NoChoice,n.amb60,5,0.016493056,781,2,0.00875,0.025243056,reverse_tandem_run,,dim,dim,success,ybw,yyb,
NoChoice,n.amb60,5,0.016493056,781,2,0.012418981,0.028912037,transport,,dim,dim,,oob,boo,
NoChoice,n.amb60,5,0.016493056,781,2,0.013969907,0.030462963,transport,,dim,dim,,wgg,ywy,
NoChoice,n.amb60,5,0.016493056,781,2,0.015405093,0.031898148,transport,,dim,dim,,gyy,gow,
NoChoice,n.amb60,5,0.016493056,781,2,0.015694444,0.0321875,transport,,dim,dim,,oyo,ygo,
NoChoice,n.amb60,5,0.016493056,781,2,0.015914352,0.032407407,transport,,dim,dim,,gbo,wbb,
NoChoice,n.amb60,5,0.016493056,781,2,0.01568287,0.032175926,transport,,dim,dim,,wyw,gwg,
NoChoice,n.amb60,5,0.049479167,781,4,0.00037037,0.049849537,transport,,dim,dim,,gbo,yoo,
NoChoice,n.amb60,5,0.098958333,781,6,0.002013889,0.100972222,transport,,dim,dim,,wyw,ygo,
NoChoice,n.amb60,5,0.098958333,781,6,0.01119213,0.110150463,transport,,dim,dim,,gbo,wyw,
NoChoice,n.amb60,5,0.131944444,781,8,0.008726852,0.140671296,transport,,dim,dim,,gbo,wyw,
NoChoice,n.amb60,1,,272,1,0.001597222,,start,,,,,,,
NoChoice,n.amb60,1,,272,1,0.009814815,,discovery,,,,,gbo,,dimnest
NoChoice,n.amb60,1,0.016493056,272,2,0.001793981,0.018287037,tandem_run,,dim,dim,failed,oob,wyw,
NoChoice,n.amb60,1,0.016493056,272,2,0.001793981,0.018287037,tandem_run,,dim,dim,failed,oob,bwb,
NoChoice,n.amb60,1,0.016493056,272,2,0.001793981,0.018287037,tandem_run,,dim,dim,failed,oob,ybw,
NoChoice,n.amb60,1,0.016493056,272,2,0.006226852,0.022719907,tandem_run,,dim,dim,success,oob,yyb,
NoChoice,n.amb60,1,0.016493056,272,2,0.006226852,0.022719907,tandem_run,,dim,dim,failed,oob,woy,wXXiswoy
NoChoice,n.amb60,1,0.016493056,272,2,0.006226852,0.022719907,tandem_run,,dim,dim,failed,oob,wbb,
NoChoice,n.amb60,1,0.016493056,272,2,0.008009259,0.024502315,tandem_run,,dim,dim,failed,ygo,ywy,
NoChoice,n.amb60,1,0.016493056,272,2,0.008009259,0.024502315,tandem_run,,dim,dim,failed,ygo,yoo,
NoChoice,n.amb60,1,0.016493056,272,2,0.008009259,0.024502315,tandem_run,,dim,dim,failed,ygo,ybw,
NoChoice,n.amb60,1,0.016493056,272,2,0.00806713,0.024560185,tandem_run,,dim,dim,failed,ygo,wgg,
NoChoice,n.amb60,1,0.016493056,272,2,0.011053241,0.027546296,tandem_run,,dim,dim,failed,wyw,wgg,
NoChoice,n.amb60,1,0.016493056,272,2,0.011168981,0.027662037,tandem_run,,dim,dim,failed,wyw,bwb,
NoChoice,n.amb60,1,0.016493056,272,2,0.011238426,0.027731481,tandem_run,,dim,dim,failed,yyb,obg,
NoChoice,n.amb60,1,0.016493056,272,2,0.011377315,0.02787037,tandem_run,,dim,dim,failed,yyb,ybw,
NoChoice,n.amb60,1,0.016493056,272,2,0.011388889,0.027881944,tandem_run,,dim,dim,failed,yyb,gyy,
NoChoice,n.amb60,1,0.016493056,272,2,0.0125,0.028993056,tandem_run,,dim,dim,success,oob,b,
NoChoice,n.amb60,1,0.016493056,272,2,0.0125,0.028993056,tandem_run,,dim,dim,success,oob,yyb,
NoChoice,n.amb60,1,0.016493056,272,2,0.0125,0.028993056,tandem_run,,dim,dim,success,oob,bwb,
NoChoice,n.amb60,1,0.016493056,272,2,0.014675926,0.031168981,transport,,dim,dim,,ogy,gyy,
NoChoice,n.amb60,1,0.032986111,272,3,0.006724537,0.039710648,transport,,dim,dim,,oob,wgg,
NoChoice,n.amb60,1,0.032986111,272,3,0.008287037,0.041273148,transport,,dim,dim,,oob,ywy,
NoChoice,n.amb60,1,0.049479167,272,4,0.001331019,0.050810185,transport,,dim,dim,,gyy,ybw,
NoChoice,n.amb60,1,0.049479167,272,4,0.004837963,0.05431713,transport,,dim,dim,,ogy,woy,
NoChoice,n.amb60,1,0.049479167,272,4,0.004050926,0.053530093,transport,,dim,dim,,gbo,obg,
NoChoice,n.amb60,1,0.049479167,272,4,0.006840278,0.056319444,transport,,dim,dim,,gyy,wbb,
Choice,n.amb55,3,,643,1,0.000949074,0.000949074,trialstart,,,,,,,
Choice,n.amb55,3,,643,1,0.008252315,0.008252315,discovery_dim,,,,,gyy,,
Choice,n.amb55,3,,643,1,0.010636574,0.010636574,discovery_dark,,,,,ygo,,
Choice,n.amb55,3,,643,2,0.001631944,0.018125,tandem_run,standard,dark,dark,success,woy,wgg,
Choice,n.amb55,3,,643,2,0.004201389,0.020694444,tandem_run,standard,dark,dark,success,yog,wwo,
Choice,n.amb55,3,,643,2,0.005138889,0.021631944,tandem_run,standard,dim,dim,success,ogy,ybw,
Choice,n.amb55,3,,643,2,0.006226852,0.022719907,tandem_run,standard,dark,dark,failed,oob,gyy,
Choice,n.amb55,3,,643,2,0.006921296,0.023414352,reverse_tandem_run,dark,standard,dark,failed,yog,gyy,
Choice,n.amb55,3,,643,2,0.008680556,0.025173611,transport,,dark,dark,,woy,oyo,
Choice,n.amb55,3,,643,2,0.00912037,0.025613426,tandem_run,standard,dim,dim,success,yog,obg,
Choice,n.amb55,3,,643,2,0.009513889,0.026006944,tandem_run,standard,dark,dark,failed,bwb,yyb,
Choice,n.amb55,3,,643,2,0.012534722,0.029027778,tandem_run,standard,dim,dim,failed,gbo,oob,
Choice,n.amb55,3,,643,2,0.013865741,0.030358796,transport,,dark,dark,,woy,b,
Choice,n.amb55,3,,643,2,0.015787037,0.032280093,tandem_run,standard,dim,dim,success,obg,ybw,
Choice,n.amb55,3,,643,3,0.000625,0.033611111,reverse_tandem_run,dim,standard,dim,failed,ogy,ybw,
Choice,n.amb55,3,,643,3,0.000636574,0.033622685,reverse_tandem_run,dim,standard,dim,failed,ogy,gbo,
Choice,n.amb55,3,,643,3,0.005844907,0.038831019,reverse_tandem_run,dim,standard,dim,failed,gbo,gyy,
Choice,n.amb55,3,,643,3,0.008923611,0.041909722,transport,,dim,dim,,gbo,new_worker,
Choice,n.amb55,3,,643,3,0.011064815,0.044050926,transport,,dim,dim,,ygo,wyw,
Choice,n.amb55,3,,643,3,0.012002315,0.044988426,transport,,dark,dark,,bwb,male,
Choice,n.amb55,3,,643,3,0.012013889,0.045,transport,,dark,dark,,yog,new_worker,
Choice,n.amb55,3,,643,3,0.013171296,0.046157407,transport,,dark,dark,,woy,oww,
Choice,n.amb55,3,,643,3,0.013564815,0.046550926,transport,,dark,dark,,wgg,new_worker,
Choice,n.amb55,3,,643,4,0.007569444,0.057048611,tandem_run,dim,dark,dark,success,oob,wwo,
Choice,n.amb55,3,,643,4,0.007858796,0.057337963,transport,,dark,dark,,yyb,ogy,
Choice,n.amb55,3,,643,5,0.004641204,0.070613426,transport,dim,dark,dark,,oob,wyw,
Choice,n.amb55,3,,643,5,0.008217593,0.074189815,transport,dim,dark,dark,,oob,gyy,
Choice,n.amb55,3,,643,5,0.008877315,0.074849537,transport,dim,dark,dark,,gbo,ygo,
Choice,n.amb55,3,,643,5,0.009756944,0.075729167,transport,dim,dark,dark,,gbo,wgg,
Choice,n.amb55,3,,643,5,0.010972222,0.076944444,transport,,dark,dark,,woy,oob,
Choice,n.amb55,3,,643,6,0.00994213,0.092407407,transport,dim,dark,dark,,oyo,ogy,
Choice,n.amb55,3,,643,6,0.016041667,0.098506944,transport,dim,dark,dark,,oob,obg,
Choice,n.amb55,3,,643,7,0.005543981,0.104502315,transport,dim,dark,dark,,gbo,yog,
Choice,n.amb55,3,,643,7,0.005891204,0.104849537,transport,,dark,dark,,ybw,ogy,
Choice,n.amb55,1,,572,1,0.001018519,0.001018519,trialstart,,,,,,,
Choice,n.amb55,1,,572,2,0.003194444,0.0196875,discovery_dark,,,,,gyy,,
Choice,n.amb55,1,,572,2,0.00681713,0.023310185,tandem_run,standard,dark,dark,success,yog,woy,
Choice,n.amb55,1,,572,2,0.006840278,0.023333333,tandem_run,standard,dark,dark,failed,yog,obg,
Choice,n.amb55,1,,572,2,0.011168981,0.027662037,tandem_run,standard,dark,dark,success,yog,oob,
Choice,n.amb55,1,,572,2,0.011226852,0.027719907,tandem_run,standard,dark,dark,failed,yog,wgg,
Choice,n.amb55,1,,572,2,0.011747685,0.028240741,tandem_run,standard,dark,dark,success,woy,obg,
Choice,n.amb55,1,,572,2,0.011759259,0.028252315,tandem_run,standard,dark,dark,failed,woy,wwo,
Choice,n.amb55,1,,572,2,0.013553241,0.030046296,tandem_run,standard,dark,dark,failed,ybw,ygo,
Choice,n.amb55,1,,572,3,0.001238426,0.034224537,tandem_run,standard,dark,dark,success,oob,bwb,
Choice,n.amb55,1,,572,3,0.001261574,0.034247685,tandem_run,standard,dark,dark,failed,oob,ywy,
Choice,n.amb55,1,,572,3,0.005833333,0.038819444,transport,,dark,dark,,wgg,w,
Choice,n.amb55,1,,572,3,0.008240741,0.041226852,tandem_run,standard,dark,dark,success,ogy,bwb,
Choice,n.amb55,1,,572,3,0.01025463,0.043240741,discovery_dim,,,,,gyy,,
Choice,n.amb55,1,,572,3,0.012858796,0.045844907,transport,,dark,dark,,wgg,b,
Choice,n.amb55,1,,572,4,0.00755787,0.057037037,transport,,dark,dark,,wwo,oyo,
Choice,n.amb55,1,,572,4,0.007638889,0.057118056,transport,,dark,dark,,gyy,yyb,
Choice,n.amb55,1,,572,4,0.007974537,0.057453704,transport,,dark,dark,,yog,ygo,
Choice,n.amb55,1,,572,4,0.009583333,0.0590625,transport,,dark,dark,,woy,wyw,
Choice,n.amb55,5,,981,1,0.001076389,0.001076389,trialstart,,,,,,,
Choice,n.amb55,5,,981,1,0.003969907,0.003969907,discovery_dim,,,,,ogy,,
Choice,n.amb55,5,,981,1,0.008020833,0.008020833,discovery_dark,,,,,ogy,,
Choice,n.amb55,5,,981,1,0.011643519,0.011643519,reverse_tandem_run,dim,standard,dim,failed,yog,ygo,
Choice,n.amb55,5,,981,1,0.013287037,0.013287037,transport,,dim,dim,,gbo,male,
Choice,n.amb55,5,,981,1,0.016319444,0.016319444,reverse_tandem_run,dim,standard,dim,success,wwo,ogy,
Choice,n.amb55,5,,981,1,0.016342593,0.016342593,reverse_tandem_run,dim,standard,dim,failed,wwo,ybw,
Choice,n.amb55,5,,981,1,0.016365741,0.016365741,reverse_tandem_run,dim,standard,dim,failed,wwo,oob,
Choice,n.amb55,5,,981,2,0.003634259,0.020127315,transport,,dim,dim,,yog,unpaintedqueen,
Choice,n.amb55,5,,981,2,0.004895833,0.021388889,reverse_tandem_run,dim,standard,dim,failed,yyb,ybw,
Choice,n.amb55,5,,981,2,0.00806713,0.024560185,reverse_tandem_run,dim,standard,dim,success,woy,ybw,
Choice,n.amb55,5,,981,2,0.008287037,0.024780093,reverse_tandem_run,dim,standard,dim,failed,ogy,oob,
Choice,n.amb55,5,,981,2,0.008657407,0.025150463,transport,,dim,dim,,gbo,male,
Choice,n.amb55,5,,981,2,0.008981481,0.025474537,transport,,dim,dim,,gyy,gwg,
Choice,n.amb55,5,,981,2,0.009398148,0.025891204,transport,,dim,dim,,bwb,male,
Choice,n.amb55,5,,981,2,0.009907407,0.026400463,transport,,dim,dim,,ywy,male,
Choice,n.amb55,5,,981,2,0.010543981,0.027037037,transport,,dim,dim,,yog,male,
Choice,n.amb55,5,,981,2,0.010763889,0.027256944,transport,,dim,dim,,bwb,boo,
Choice,n.amb55,5,,981,2,0.011400463,0.027893519,transport,,dim,dim,,gbo,gbb,
Choice,n.amb55,5,,981,2,0.012002315,0.02849537,transport,,dim,dim,,wgg,oww,
Choice,n.amb55,5,,981,2,0.012407407,0.028900463,transport,,dim,dim,,bwb,oyo,
Choice,n.amb55,5,,981,2,0.012997685,0.029490741,transport,,dim,dim,,ybw,wyw,
Choice,n.amb55,5,,981,2,0.013032407,0.029525463,transport,,dim,dim,,gbo,bby,
Choice,n.amb55,5,,981,2,0.013668981,0.030162037,transport,,dim,dim,,wgg,obg,
Choice,n.amb55,5,,981,3,0.000474537,0.033460648,transport,,dark,dark,,oob,male,
Choice,n.amb55,5,,981,3,0.005266204,0.038252315,reverse_tandem_run,dim,standard,dim,failed,yyb,obg,
Choice,n.amb55,5,,981,3,0.008368056,0.041354167,transport,dark,dim,dim,,ygo,male,
Choice,n.amb55,5,,981,4,0.015416667,0.064895833,transport,,dim,dim,,woy,yog,
Choice,n.amb55,5,,981,5,0.016331019,0.082303241,transport,,dim,dim,,woy,oob,
Choice,n.amb41,5,,871,1,0.000648148,0.000648148,trialstart,,,,,,,
Choice,n.amb41,5,,871,1,0.004490741,0.004490741,discovery_dark,,,,,oob,,
Choice,n.amb41,5,,871,1,0.006909722,0.006909722,discovery_dim,,,,,w__,,hastobewbworwwy;wasunabletouseprocessofeliminationtofigureoutwhichitwastho
Choice,n.amb41,5,,871,2,0.007418981,0.023912037,transport,,dark,dark,,yyb,ygw,
Choice,n.amb41,5,,871,2,0.009652778,0.026145833,transport,,dark,dark,,yoy,o,
Choice,n.amb41,5,,871,2,0.010289352,0.026782407,transport,,dim,dim,,w__,y,
Choice,n.amb41,5,,871,2,0.014108796,0.030601852,transport,,dark,dark,,oob,goo,
Choice,n.amb41,5,,871,2,0.014155093,0.030648148,transport,,dark,dark,,wog,ggw,
Choice,n.amb41,5,,871,2,0.01525463,0.031747685,reverse_tandem_run,dim,standard,dim,failed,gwb,gow,doublecheck?Itkindoflookslikethey'rejustgoinginthesamedirection
Choice,n.amb41,5,,871,3,0.000601852,0.033587963,transport,,dark,dark,,oby,byb,
Choice,n.amb41,5,,871,3,0.001168981,0.034155093,transport,,dark,dark,,wog,bwo,
Choice,n.amb41,5,,871,3,0.002650463,0.035636574,transport,,dim,dim,,wgb,oob,
Choice,n.amb41,5,,871,4,0.007800926,0.057280093,transport,dim,dark,dark,,oby,gow,
Choice,n.amb41,5,,871,5,0.000231481,0.066203704,transport,dim,dark,dark,,yoy,oyw,
Choice,n.amb41,5,,871,5,0.00375,0.069722222,transport,dim,dark,dark,,oby,gwb,
Choice,n.amb41,5,,871,6,0.000115741,0.082581019,transport,,dim,dim,,gwb,oob,
Choice,n.amb41,5,,871,6,0.001643519,0.084108796,transport,dim,dark,dark,,yoy,gwb,
Choice,n.amb41,5,,871,6,0.002384259,0.084849537,transport,dim,dark,dark,,gyb,oob,
Choice,n.amb41,5,,871,6,0.005625,0.088090278,transport,dim,dark,dark,,gyb,bwo,
Choice,n.amb41,5,,871,6,0.006967593,0.08943287,transport,dim,dark,dark,,yoy,y,
Choice,n.amb41,5,,871,6,0.013263889,0.095729167,transport,dim,dark,dark,,gyb,gow,
Choice,n.amb41,5,,871,7,0.001550926,0.100509259,transport,,dark,dark,,oby,wyo,
Choice,n.amb41,5,,871,7,0.004571759,0.103530093,transport,dark,dim,dim,,gow,wyo,enteredandexitedafewtimesbeforedepositingant
Choice,n.amb41,5,,871,8,0.011770833,0.127222222,transport,,dark,dark,,yoy,oyw,
Choice,n.amb41,5,,871,9,0.014513889,0.146458333,transport,dim,dark,dark,,gyb,gow,
Choice,n.amb41,1,,365,1,0.001180556,0.001180556,trialstart,,,,,,,
Choice,n.amb41,1,,365,1,0.010069444,0.010069444,discovery_dim,,,,,yoy,,
Choice,n.amb41,1,,365,1,0.012835648,0.012835648,tandem_run,standard,dark,dark,failed,yoy,wbw,
Choice,n.amb41,1,,365,1,0.013090278,0.013090278,tandem_run,standard,dark,dark,failed,yoy,yyb,
Choice,n.amb41,1,,365,1,0.013877315,0.013877315,discovery_dark,,,,,yoy,,
Choice,n.amb41,1,,365,1,0.016053241,0.016053241,tandem_run,standard,dark,dark,failed,yoy,wyo,
Choice,n.amb41,1,,365,1,0.016087963,0.016087963,tandem_run,standard,dark,dark,success,yoy,wbw,
Choice,n.amb41,1,,365,2,0.003344907,0.019837963,tandem_run,standard,dark,dark,failed,wbw,oby,
Choice,n.amb41,1,,365,2,0.003472222,0.019965278,tandem_run,standard,dark,dark,failed,wbw,oob,
Choice,n.amb41,1,,365,2,0.015914352,0.032407407,transport,,dim,dim,,wog,o,
Choice,n.amb41,1,,365,3,0.002326389,0.0353125,transport,,dim,dim,,yoy,new_worker,
Choice,n.amb41,1,,365,3,0.00712963,0.040115741,transport,,dark,dark,,wog,y,
Choice,n.amb41,1,,365,3,0.009849537,0.042835648,transport,,dark,dark,,gwb,wgb,
Choice,n.amb41,1,,365,3,0.011458333,0.044444444,transport,,dark,dark,,gwb,oob,
Choice,n.amb41,1,,365,3,0.01181713,0.044803241,transport,,dark,dark,,ywg,oby,
Choice,n.amb41,1,,365,3,0.014131944,0.047118056,transport,,dim,dim,,wog,gow,
Choice,n.amb41,1,,365,3,0.014837963,0.047824074,transport,dim,dark,dark,,wgb,new_worker,
Choice,n.amb41,1,,365,4,0.000381944,0.049861111,transport,,dark,dark,,gwb,wyo,
Choice,n.amb41,1,,365,4,0.007361111,0.056840278,transport,,dark,dark,,ywg,gyb,
Choice,n.amb41,1,,365,5,0.003321759,0.069293981,transport,dim,dark,dark,,gwb,oyw,
Choice,n.amb41,1,,365,6,0.006747685,0.089212963,transport,,dark,dark,,oob,wog,
Choice,n.amb41,1,,365,6,0.014884259,0.097349537,transport,dim,dark,dark,,oob,oby,
Choice,n.amb41,1,,365,7,0.004247685,0.103206019,transport,dim,dark,dark,,wbw,oyw,
Choice,n.amb41,1,,365,8,0.000844907,0.116296296,transport,dim,dark,dark,,oob,o,
Choice,n.amb41,1,,365,8,0.011087963,0.126539352,transport,dim,dark,dark,,oob,gyb,
Choice,n.amb41,1,,365,8,0.01275463,0.128206019,transport,dim,dark,dark,,oob,wbw,
Choice,n.amb41,1,,365,8,0.014212963,0.129664352,transport,dim,dark,dark,,oob,oyw,
Choice,n.amb41,1,,365,8,0.016226852,0.131678241,transport,dim,dim,dim,,wog,yyb,
Choice,n.amb41,1,,365,9,0.003217593,0.135162037,transport,dim,dark,dark,,oob,yoy,
Choice,n.amb41,1,,365,9,0.010173611,0.142118056,transport,dim,dark,dark,,oob,yyb,
Choice,n.amb41,1,,365,10,0.008969907,0.157407407,transport,dim,dark,dark,,yoy,gow,
Choice,n.amb41,1,,365,10,0.012569444,0.161006944,transport,dim,dark,dark,,yoy,wbw,
Choice,n.amb41,3,,338,1,0.001134259,,start,,,,,,,
Choice,n.amb41,3,,338,1,0.009363426,,discovery,,dim,dim,,wbw,,
Choice,n.amb41,3,,338,1,0.014189815,,discovery,,dark,dark,,gwb,,gwbhasorangeunderneaththew
Choice,n.amb41,3,,338,2,0.014270833,0.014270833,tandem_run,,dark,dark,failed,yyb,wyo,
Choice,n.amb41,3,,338,2,0.014270833,0.014270833,tandem_run,,dark,dark,failed,yyb,ywg,
Choice,n.amb41,3,,338,2,0.014270833,0.014270833,tandem_run,,dark,dark,success,yyb,wog,
Choice,n.amb41,3,,338,2,0.014270833,0.014270833,tandem_run,,dark,dark,failed,yyb,oob,
Choice,n.amb41,3,,338,3,0.002106481,0.002106481,tandem_run,,dark,dark,success,yyb,wgb,
Choice,n.amb41,3,,338,3,0.006643519,0.006643519,transport,,dark,dark,,yoy,y,
Choice,n.amb41,3,,338,3,0.012152778,0.012152778,reverse_tandem_run,dark,,dark,success,gwb,wbw,
Choice,n.amb41,3,,338,3,0.005532407,0.005532407,transport,,dark,dark,,wgb,oyw,
Choice,n.amb41,3,,338,3,0.008391204,0.008391204,reverse_tandem_run,dark,,dark,failed,gwb,wyo,
Choice,n.amb41,3,,338,3,0.008391204,0.008391204,reverse_tandem_run,dark,,dark,failed,gwb,wbw,
Choice,n.amb41,3,,338,3,0.015983796,0.015983796,reverse_tandem_run,dark,,dark,failed,yoy,wgb,
Choice,n.amb41,3,,338,4,0.000949074,0.000949074,transport,,dark,dark,,gow,oob,
Choice,n.amb41,3,,338,4,0.001666667,0.001666667,transport,,dark,dark,,oyw,male,
Choice,n.amb41,3,,338,4,0.006944444,0.006944444,transport,,dark,dark,,yoy,new_worker,
Choice,n.amb41,3,,338,4,0.007361111,0.007361111,transport,,dark,dark,,yyb,o,
Choice,n.amb41,3,,338,4,0.00931713,0.00931713,transport,,dark,dark,,wyo,bwo,
Choice,n.amb41,3,,338,4,0.010717593,0.010717593,transport,dim,dark,dark,,oob,oyw,
Choice,n.amb41,3,,338,5,0.008553241,0.008553241,transport,,dark,dark,,wog,oyw,
Choice,n.amb41,3,,338,10,0.009513889,0.009513889,transport,,dark,dark,,gow,oyw,
NoChoice,n.amb59,3,,498,1,,12:03:02AM,start,,,,,,,
NoChoice,n.amb59,3,,498,1,,12:09:04AM,discovery,,,,,owb,,onlyO
NoChoice,n.amb59,3,12:23:45AM,498,2,12:00:35AM,#VALUE!,transport,,,dim,,bby,wgg,
NoChoice,n.amb59,3,,498,1,12:18:08AM,,transport,,,dim,,owb,o,
NoChoice,n.amb59,3,,498,1,12:18:25AM,,reverse_tandem_run,,,dim,failed,woo,oyw,
NoChoice,n.amb59,3,12:23:45AM,498,2,12:04:44AM,#VALUE!,reverse_tandem_run,,,dim,success,owb,wbw,
NoChoice,n.amb59,3,12:23:45AM,498,2,12:13:55AM,#VALUE!,transport,,,dim,,yww,ybb,
NoChoice,n.amb59,3,12:23:45AM,498,2,12:00:20AM,#VALUE!,reverse_tandem_run,,,dim,success,yww,oyw,
NoChoice,n.amb59,3,12:23:45AM,498,2,12:01:27AM,#VALUE!,reverse_tandem_run,,,dim,success,owb,ybb,
NoChoice,n.amb59,3,12:23:45AM,498,2,12:17:52AM,#VALUE!,reverse_tandem_run,,,dim,success,gbo,bgw,
NoChoice,n.amb59,3,12:23:45AM,498,2,12:19:50AM,#VALUE!,transport,,,dim,,gyy,new_worker,
NoChoice,n.amb59,3,12:23:45AM,498,2,12:23:10AM,#VALUE!,transport,,,dim,,ygo,y,
NoChoice,n.amb59,3,12:23:45AM,498,2,12:22:51AM,#VALUE!,transport,,,dim,,ogy,bwo,
NoChoice,n.amb59,3,12:23:45AM,498,2,12:22:03AM,#VALUE!,transport,,,dim,,wbw,ggb,
NoChoice,n.amb59,3,12:23:45AM,498,2,12:17:21AM,#VALUE!,transport,,,dim,,ogy,w,
NoChoice,n.amb59,3,12:23:45AM,498,2,12:19:05AM,#VALUE!,reverse_tandem_run,,,dim,failed,yww,bby,
NoChoice,n.amb59,3,12:47:30AM,498,3,12:04:02AM,#VALUE!,reverse_tandem_run,,,dim,success,gbo,bob,
NoChoice,n.amb59,3,12:23:45AM,498,2,12:06:00AM,#VALUE!,reverse_tandem_run,,,dim,failed,owb,bgw,joinedinoutsideoldnest
NoChoice,n.amb59,3,12:23:45AM,498,2,12:06:00AM,#VALUE!,reverse_tandem_run,,,dim,failed,owb,bob,
NoChoice,n.amb59,3,12:47:30AM,498,3,12:04:54AM,#VALUE!,reverse_tandem_run,,,dim,success,gbo,bgw,
NoChoice,n.amb59,3,12:47:30AM,498,3,12:04:54AM,#VALUE!,reverse_tandem_run,,,dim,success,gbo,wbw,
NoChoice,n.amb59,3,#VALUE!,498,8,12:06:15AM,#VALUE!,transport,,,dim,,gbo,bby,
Choice,n.amb53,3,,260,1,12:01:15AM,,start,,,,,,,
Choice,n.amb53,3,,260,1,12:14:46AM,,discovery,,dark,dark,,gwg,,xwg
Choice,n.amb53,3,,260,1,12:19:15AM,,discovery,,dim,dim,,yww,,
Choice,n.amb53,3,12:23:45AM,260,2,12:07:10AM,#VALUE!,reverse_tandem_run,dark,,dark,failed,wbw,ogy,oxx
Choice,n.amb53,3,12:23:45AM,260,2,12:16:41AM,#VALUE!,transport,,dark,dark,,gyy,y,
Choice,n.amb53,3,12:23:45AM,260,2,12:15:32AM,#VALUE!,tandem_run,,dim,dim,failed,wwy,ogy,
Choice,n.amb53,3,12:23:45AM,260,2,12:15:40AM,#VALUE!,tandem_run,,dim,dim,failed,wwy,ybb,
Choice,n.amb53,3,12:23:45AM,260,2,12:16:43AM,#VALUE!,transport,,dark,dark,,wyb,gbo,
Choice,n.amb53,3,12:23:45AM,260,2,12:18:35AM,#VALUE!,transport,,dark,dark,,yyg,bob,"barelyyongaster,nog"
Choice,n.amb53,3,12:23:45AM,260,2,12:19:52AM,#VALUE!,transport,,dark,dark,,gyy,o,
Choice,n.amb53,3,12:23:45AM,260,2,12:20:23AM,#VALUE!,transport,,dark,dark,,wbw,bwo,
Choice,n.amb53,3,12:23:45AM,260,2,12:14:05AM,#VALUE!,reverse_tandem_run,dark,,dark,success,wbw,ogy,
Choice,n.amb53,3,12:47:30AM,260,3,12:02:52AM,#VALUE!,transport,,dark,dark,,wgg,ggb,gxx
Choice,n.amb53,3,12:47:30AM,260,3,12:11:25AM,#VALUE!,transport,,dark,dark,,wbw,wyb,
Choice,n.amb53,3,12:47:30AM,260,3,12:15:50AM,#VALUE!,transport,,dark,dark,,wbw,gyy,
Choice,n.amb53,3,12:47:30AM,260,3,12:23:00AM,#VALUE!,transport,,dark,dark,,unkown_ID,wbw,couldn'tfollowenoughtoseecolours
Choice,n.amb53,3,#VALUE!,260,4,12:08:42AM,#VALUE!,transport,,dark,dark,,wbw,wyb,
Choice,n.amb53,3,1:11:15AM,260,4,12:15:11AM,#VALUE!,transport,,dark,dark,,unkown_ID,unkown_ID,"cam1ofoutfocus,couldn'tfollow"
Choice,n.amb53,3,1:11:15AM,260,4,12:18:10AM,#VALUE!,transport,,dark,dark,,wbw,gyy,
Choice,n.amb53,3,1:58:45AM,260,6,12:19:57AM,#VALUE!,transport,,dark,dark,,unkown_ID,didn'tcheck,^
Choice,n.amb53,3,1:58:45AM,260,6,12:21:41AM,#VALUE!,transport,,dark,dark,,wgg,ybb,
Choice,n.amb53,3,2:46:15AM,260,8,12:02:56AM,#VALUE!,transport,,dark,dark,,ybb,ogy,
Choice,n.amb53,3,2:46:15AM,260,8,12:05:24AM,#VALUE!,transport,,dark,dark,,wgg,gyy,
Choice,n.amb53,3,2:46:15AM,260,8,12:09:45AM,#VALUE!,transport,,dark,dark,,yoy,ybb,walkedinanoutforawhilebuteventuallydepositedinnest
Choice,n.amb53,3,3:10:00AM,260,9,12:09:36AM,#VALUE!,transport,,dark,dark,,ygo,ybb,
NoChoice,n.amb45,1,12:00:00AM,224,1,12:03:21AM,#VALUE!,start,,,,,,,
NoChoice,n.amb45,1,,224,1,12:17:35AM,#VALUE!,discovery,,,,,ybo,,
NoChoice,n.amb45,1,12:23:45AM,224,2,12:01:00AM,#VALUE!,tandem_run,,,dark,success,wyo,ygw,sparsekeepingtimebecauseofcam2havinglongervideosthancam1.Arshiawatchedthevideofortransportsiftimeisneeded
NoChoice,n.amb45,1,12:23:45AM,224,2,12:10:19AM,#VALUE!,tandem_run,,,dark,failed,ygw,owo,
NoChoice,n.amb45,1,12:23:45AM,224,2,12:01:00AM,#VALUE!,tandem_run,,,dark,failed,wyo,yyb,
NoChoice,n.amb45,1,12:23:45AM,224,2,12:01:00AM,#VALUE!,tandem_run,,,dark,failed,wyo,oyw,
NoChoice,n.amb45,1,12:23:45AM,224,2,12:01:00AM,#VALUE!,tandem_run,,,dark,failed,wyo,owo,
NoChoice,n.amb45,1,12:23:45AM,224,2,12:01:00AM,#VALUE!,tandem_run,,,dark,failed,wyo,yoy,
NoChoice,n.amb45,1,,224,1,12:28:26AM,#VALUE!,transport,,,dark,,ybo,yoy,
NoChoice,n.amb45,1,12:23:45AM,224,2,12:10:19AM,#VALUE!,tandem_run,,,dark,success,ygw,oyw,
NoChoice,n.amb45,1,12:23:45AM,224,2,12:10:19AM,#VALUE!,tandem_run,,,dark,failed,ygw,wgb,
NoChoice,n.amb45,1,12:33:25AM,224,2,12:22:10AM,#VALUE!,transport,,,dark,,yyb,ywg,
NoChoice,n.amb45,1,12:33:25AM,224,2,12:22:33AM,#VALUE!,transport,,,dark,,ygw,owo,
NoChoice,n.amb45,1,12:33:25AM,224,2,12:24:24AM,#VALUE!,transport,,,dark,,ybo,wgb,
NoChoice,n.amb45,1,12:33:25AM,224,2,12:25:36AM,#VALUE!,transport,,,dark,,oby,wwy,obx
NoChoice,n.amb45,1,#VALUE!,224,3,,#VALUE!,transport,,,dark,,oby,ygw,
NoChoice,n.amb45,1,1:06:50AM,224,3,12:11:39AM,#VALUE!,transport,,,dark,,owo,gwb,gwx
NoChoice,n.amb45,1,1:06:50AM,224,3,12:14:47AM,#VALUE!,transport,,,dark,,yyb,ybo,
NoChoice,n.amb45,1,1:06:50AM,224,3,,#VALUE!,transport,,,dark,,wyo,oyw,
NoChoice,n.amb45,1,1:06:50AM,224,3,12:18:06AM,#VALUE!,transport,,,dark,,wwy,gyb,
NoChoice,n.amb45,1,1:06:50AM,224,3,,#VALUE!,transport,,,dark,,wgb,wog,
NoChoice,n.amb45,1,1:06:50AM,224,3,,#VALUE!,transport,,,dark,,owo,gwb,
NoChoice,n.amb45,1,1:06:50AM,224,3,,#VALUE!,transport,,,dark,,owo,gyb,
NoChoice,n.amb45,1,1:06:50AM,224,3,12:29:30AM,#VALUE!,transport,,,dark,,oby,bgo,
NoChoice,n.amb45,1,#VALUE!,224,4,12:01:44AM,#VALUE!,transport,,,dark,,oby,ygw,
NoChoice,n.amb45,1,1:40:15AM,224,4,,#VALUE!,transport,,,dark,,owo,gyb,
NoChoice,n.amb45,1,1:40:15AM,224,4,,#VALUE!,transport,,,dark,,ygw,gyb,
NoChoice,n.amb45,1,1:40:15AM,224,4,12:09:11AM,#VALUE!,transport,,,dark,,oby,gwb,
NoChoice,n.amb45,1,1:40:15AM,224,4,12:11:09AM,#VALUE!,transport,,,dark,,gyb,wog,
NoChoice,n.amb45,1,1:40:15AM,224,4,12:12:09AM,#VALUE!,transport,,,dark,,wyo,owo,
NoChoice,n.amb45,1,1:40:15AM,224,4,12:19:25AM,#VALUE!,transport,,,dark,,unkown_ID,wyo,??b
NoChoice,n.amb45,1,1:40:15AM,224,4,,#VALUE!,transport,,,dark,,oby,oyw,
NoChoice,n.amb45,1,1:40:15AM,224,4,12:32:49AM,#VALUE!,transport,,,dark,,ygw,wyo,
NoChoice,n.amb45,1,2:13:40AM,224,5,12:03:14AM,#VALUE!,transport,,,dark,,yoy,ygw,
NoChoice,n.amb45,1,2:13:40AM,224,5,12:03:56AM,#VALUE!,transport,,,dark,,gyb,oyw,
NoChoice,n.amb45,1,2:13:40AM,224,5,12:10:25AM,#VALUE!,transport,,,dark,,wwy,gwb,
NoChoice,n.amb45,1,2:13:40AM,224,5,12:27:21AM,#VALUE!,transport,,,dark,,owo,gyb,
NoChoice,n.amb45,1,2:47:05AM,224,6,12:00:32AM,#VALUE!,transport,,,dark,,owo,wyo,
NoChoice,n.amb45,1,2:47:05AM,224,6,,#VALUE!,transport,,,dark,,wwy,oyw,
NoChoice,n.amb45,1,2:47:05AM,224,6,,#VALUE!,transport,,,dark,,,,
NoChoice,n.amb59,1,,948,1,,12:02:42AM,start,,,,,,,
NoChoice,n.amb59,1,,948,1,,12:18:45AM,discovery,,,,,bgw,,nog
NoChoice,n.amb59,1,12:23:45AM,948,2,12:02:12AM,#VALUE!,tandem_run,,,dim,failed,wgg,bob,
NoChoice,n.amb59,1,12:23:45AM,948,2,12:02:30AM,#VALUE!,tandem_run,,,dim,failed,wgg,wyb,
NoChoice,n.amb59,1,12:23:45AM,948,2,12:06:58AM,#VALUE!,reverse_tandem_run,,,dim,success,wgg,yyg,
NoChoice,n.amb59,1,12:23:45AM,948,2,12:07:12AM,#VALUE!,tandem_run,,,dim,success,wgg,yyg,
NoChoice,n.amb59,1,12:23:45AM,948,2,12:07:16AM,#VALUE!,tandem_run,,,dim,success,wgg,ygo,
NoChoice,n.amb59,1,12:23:45AM,948,2,12:08:00AM,#VALUE!,tandem_run,,,dim,failed,wgg,ybb,
NoChoice,n.amb59,1,12:23:45AM,948,2,12:13:32AM,#VALUE!,tandem_run,,,dim,failed,yyg,bob,
NoChoice,n.amb59,1,12:23:45AM,948,2,12:13:33AM,#VALUE!,tandem_run,,,dim,failed,yyg,ybb,
NoChoice,n.amb59,1,12:23:45AM,948,2,12:21:54AM,#VALUE!,transport,,,dim,,bgw,ybb,
NoChoice,n.amb59,1,12:47:30AM,948,3,12:00:45AM,#VALUE!,transport,,,dim,,gyy,gbo,
NoChoice,n.amb59,1,12:47:30AM,948,3,12:06:00AM,#VALUE!,transport,,,dim,,yyg,w,
NoChoice,n.amb59,1,12:47:30AM,948,3,12:08:55AM,#VALUE!,transport,,,dim,,woo,o,
NoChoice,n.amb59,1,12:47:30AM,948,3,12:11:27AM,#VALUE!,transport,,,dim,,ygo,y,
NoChoice,n.amb59,1,12:47:30AM,948,3,12:14:00AM,#VALUE!,transport,,,dim,,ybb,obg,
NoChoice,n.amb59,1,12:47:30AM,948,3,12:14:55AM,#VALUE!,transport,,,dim,,ygo,bwo,
NoChoice,n.amb59,1,12:47:30AM,948,3,12:15:44AM,#VALUE!,transport,,,dim,,ogy,ggb,
NoChoice,n.amb59,1,12:47:30AM,948,3,12:17:48AM,#VALUE!,transport,,,dim,,bgw,bby,
NoChoice,n.amb59,1,12:47:30AM,948,3,12:18:26AM,#VALUE!,transport,,,dim,,ybb,wbw,
NoChoice,n.amb59,1,12:47:30AM,948,3,12:19:02AM,#VALUE!,transport,,,dim,,wyb,oyw,
NoChoice,n.amb59,1,1:58:45AM,948,6,12:16:50AM,#VALUE!,transport,,,dim,,gyy,wgg,
NoChoice,n.amb59,1,2:46:15AM,948,8,,#VALUE!,transport,,,dim,,ogy,yyg,
NoChoice,n.amb59,1,3:10:00AM,948,9,12:00:29AM,#VALUE!,transport,,,dim,,gyy,bgw,
NoChoice,n.amb45,5,,624,1,12:01:20AM,,start,,,,,,,
NoChoice,n.amb45,5,,624,1,12:04:52AM,,discovery,,,,,wyo,,yybbeingpulled
NoChoice,n.amb45,5,,624,1,12:13:45AM,,tandem_run,,,dark,success,wyo,owo,
NoChoice,n.amb45,5,,624,1,12:15:00AM,,tandem_run,,,dark,success,wyo,bgy,
NoChoice,n.amb45,5,,624,1,12:17:28AM,,reverse_tandem_run,,,dark,failed,wyo,gwb,
NoChoice,n.amb45,5,12:23:45AM,624,2,12:11:50AM,#VALUE!,transport,,,dark,,ygw,bwo,
NoChoice,n.amb45,5,12:23:45AM,624,2,12:15:00AM,#VALUE!,transport,,,dark,,yoy,ggw,
NoChoice,n.amb45,5,12:23:45AM,624,2,,#VALUE!,transport,,,dark,,yyb,male,
NoChoice,n.amb45,5,12:23:45AM,624,2,,#VALUE!,transport,,,dark,,gyb,male,
NoChoice,n.amb45,5,12:23:45AM,624,2,,#VALUE!,transport,,,dark,,bgy,oby,
NoChoice,n.amb45,5,12:23:45AM,624,2,12:15:53AM,#VALUE!,transport,,,dark,,gwb,new_worker,queenwithwings (also recorded as y)
NoChoice,n.amb45,5,12:23:45AM,624,2,12:16:30AM,#VALUE!,transport,,,dark,,ygw,oob,
NoChoice,n.amb45,5,12:23:45AM,624,2,12:12:05AM,#VALUE!,transport,,,dark,,ygw,owo,
NoChoice,n.amb45,5,12:23:45AM,624,2,12:16:39AM,#VALUE!,transport,,,dark,,yoy,gow,
NoChoice,n.amb45,5,12:23:45AM,624,2,12:14:58AM,#VALUE!,transport,,,dark,,yoy,ggw,
NoChoice,n.amb45,5,12:23:45AM,624,2,12:17:01AM,#VALUE!,transport,,,dark,,ywg,wby,
NoChoice,n.amb45,5,12:23:45AM,624,2,12:17:38AM,#VALUE!,transport,,,dark,,gwb,bow,
NoChoice,n.amb45,5,12:23:45AM,624,2,12:18:40AM,#VALUE!,transport,,,dark,,ywg,gwg,
NoChoice,n.amb45,5,12:23:45AM,624,2,12:21:47AM,#VALUE!,transport,,,dark,,ygw,ogg,
NoChoice,n.amb45,5,12:23:45AM,624,2,12:23:14AM,#VALUE!,transport,,,dark,,owo,gog,nohead
NoChoice,n.amb45,5,12:47:30AM,624,3,12:04:56AM,#VALUE!,transport,,,dark,,bgy,wgb,
NoChoice,n.amb45,5,12:23:45AM,624,2,12:21:40AM,#VALUE!,transport,,,dark,,ybo,bgy,opeelingup
NoChoice,n.amb45,5,12:47:30AM,624,3,12:08:23AM,#VALUE!,transport,,,dark,,owo,?yb,"offcam,can'ttell"
NoChoice,n.amb45,5,12:47:30AM,624,3,12:14:30AM,#VALUE!,transport,,,dark,,yoy,gog,
NoChoice,n.amb45,5,12:47:30AM,624,3,12:16:44AM,#VALUE!,transport,,,dark,,ywg,oby,
NoChoice,n.amb45,5,12:47:30AM,624,3,12:23:40AM,#VALUE!,transport,,,dark,,wyo,oyw,
NoChoice,n.amb45,5,1:11:15AM,624,4,12:21:30AM,1:32:45AM,transport,,,dark,,gyb,new_worker,
Choice,n.amb53,5,,571,1,12:01:16AM,,start,,,,,,,
Choice,n.amb53,5,,571,1,12:10:24AM,,discovery,,dark,dark,,gwg,,
Choice,n.amb53,5,,571,1,12:15:07AM,,discovery,,,,,gow,,
Choice,n.amb53,5,12:23:45AM,571,2,12:15:17AM,#VALUE!,transport,,dim,dim,,obg,y,
Choice,n.amb53,5,12:23:45AM,571,2,12:16:20AM,#VALUE!,reverse_tandem_run,,,dim,success,wwy,woo,
Choice,n.amb53,5,12:23:45AM,571,2,12:18:11AM,#VALUE!,transport,,dim,dim,,obg,new_worker,
Choice,n.amb53,5,12:23:45AM,571,2,12:20:03AM,#VALUE!,transport,,dark,dark,,gwg,o,
Choice,n.amb53,5,12:23:45AM,571,2,12:20:07AM,#VALUE!,transport,,dim,dim,,gbo,bwo,
Choice,n.amb53,5,12:23:45AM,571,2,12:21:43AM,#VALUE!,transport,,dim,dim,,obg,bob,
Choice,n.amb53,5,12:47:30AM,571,3,12:04:23AM,#VALUE!,transport,,dim,dim,,wwy,gwg,
Choice,n.amb53,5,12:47:30AM,571,3,12:07:01AM,#VALUE!,transport,,dim,dim,,ogy,gow,
Choice,n.amb53,5,12:47:30AM,571,3,12:09:21AM,#VALUE!,transport,dark,dim,dim,,owb,o,
Choice,n.amb53,5,12:47:30AM,571,3,12:09:46AM,#VALUE!,transport,,dim,dim,,wwy,wyb,
Choice,n.amb53,5,12:47:30AM,571,3,12:12:09AM,#VALUE!,reverse_tandem_run,dark,,dark,success,gwg,wgg,
Choice,n.amb53,5,12:47:30AM,571,3,12:12:10AM,#VALUE!,reverse_tandem_run,dark,,dark,failed,gwg,wbw,
Choice,n.amb53,5,12:47:30AM,571,3,12:18:20AM,#VALUE!,transport,,dim,dim,,wwy,wbw,
Choice,n.amb53,5,#VALUE!,571,4,12:04:10AM,#VALUE!,transport,,dim,dim,,wwy,woo,
Choice,n.amb53,5,1:58:45AM,571,5,12:01:38AM,#VALUE!,transport,dark,dim,dim,,ogy,wyb,
Choice,n.amb53,5,1:58:45AM,571,5,12:01:59AM,#VALUE!,transport,,dim,dim,,wgg,oyw,
Choice,n.amb53,5,#VALUE!,571,4,12:02:10AM,#VALUE!,reverse_tandem_run,dim,,dim,failed,ggb,yyg,
Choice,n.amb53,1,,296,1,12:01:30AM,#VALUE!,start,,,,,,,
Choice,n.amb53,1,,296,1,12:06:02AM,#VALUE!,discovery,,dark,dark,,gwg,,noheadcolour
Choice,n.amb53,1,,296,1,12:22:03AM,#VALUE!,discovery,,dim,dim,,wyb,,
Choice,n.amb53,1,12:23:45AM,296,2,12:06:45AM,#VALUE!,tandem_run,,dim,dim,failed,yyg,ybb,
Choice,n.amb53,1,12:23:45AM,296,2,12:10:45AM,#VALUE!,tandem_run,,dim,dim,success,yyg,owb,"owbnoheadcolour,whiteis1/3offthegaster"
Choice,n.amb53,1,12:23:45AM,296,2,12:10:50AM,#VALUE!,reverse_tandem_run,dim,,dim,failed,yyg,owb,
Choice,n.amb53,1,12:23:45AM,296,2,12:13:00AM,#VALUE!,transport,,dim,dim,,gyy,ogy,gyyhasnoyellow
Choice,n.amb53,1,12:23:45AM,296,2,12:21:12AM,#VALUE!,transport,,dark,dark,,woo,bwo,
Choice,n.amb53,1,12:23:45AM,296,2,12:19:00AM,#VALUE!,transport,,dark,dark,,gyy,gbo,
Choice,n.amb53,1,12:23:45AM,296,2,12:22:17AM,#VALUE!,transport,,dim,dim,,gyy,y,
Choice,n.amb53,1,12:47:30AM,296,3,12:02:00AM,#VALUE!,transport,,dim,dim,,woo,wwy,
Choice,n.amb53,1,12:47:30AM,296,3,12:03:38AM,#VALUE!,transport,,dark,dark,,obg,o,
Choice,n.amb53,1,12:47:30AM,296,3,12:02:35AM,#VALUE!,reverse_tandem_run,dark,,dark,success,gwg,gbo,
Choice,n.amb53,1,12:47:30AM,296,3,12:10:31AM,#VALUE!,reverse_tandem_run,dark,,dark,success,gwg,yyg,
Choice,n.amb53,1,12:47:30AM,296,3,12:10:31AM,#VALUE!,reverse_tandem_run,dark,,dark,success,gwg,ygo,
Choice,n.amb53,1,12:47:30AM,296,3,12:14:20AM,#VALUE!,transport,,dim,dim,,yoy,gow,
Choice,n.amb53,1,12:47:30AM,296,3,12:17:33AM,#VALUE!,transport,,dim,dim,,woo,owb,
Choice,n.amb53,1,1:11:15AM,296,4,12:12:45AM,#VALUE!,transport,,dark,dark,,gyy,ygo,
Choice,n.amb53,1,1:11:15AM,296,4,12:19:27AM,#VALUE!,transport,,dim,dim,,wbw,ogy,
Choice,n.amb53,1,#VALUE!,296,5,12:17:50AM,#VALUE!,transport,dim,dark,dark,,woo,oyw,
Choice,n.amb53,1,1:35:00AM,296,5,12:18:17AM,#VALUE!,transport,,dim,dim,,ogy,yoy,
Choice,n.amb53,1,#VALUE!,296,6,12:05:05AM,#VALUE!,transport,dim,dark,dark,,oyw,gwg,
Choice,n.amb53,1,1:58:45AM,296,6,12:18:14AM,#VALUE!,transport,,dark,dark,,unkown_ID,wbw,
Choice,n.amb53,1,#VALUE!,296,7,12:01:30AM,#VALUE!,transport,,dark,dark,,oyw,gbo,
Choice,n.amb53,1,2:22:30AM,296,7,12:11:52AM,#VALUE!,transport,dark,dark,dark,,oyw,gbo,
NoChoice,n.amb47,5,,435,1,12:00:45AM,#VALUE!,start,,,,,,,
NoChoice,n.amb47,5,,435,1,12:05:45AM,#VALUE!,discovery,,,,,ggg,,
NoChoice,n.amb47,5,,435,1,12:15:30AM,#VALUE!,tandem_run,,,dim,failed,bbg,oyy,
NoChoice,n.amb47,5,,435,1,12:15:39AM,#VALUE!,tandem_run,,,dim,success,yob,wwy,
NoChoice,n.amb47,5,,435,1,,0:00:00,transport,,,dim,,obb,male,
NoChoice,n.amb47,5,,435,1,12:16:00AM,#VALUE!,tandem_run,,,dim,success,yob,yww,
NoChoice,n.amb47,5,,435,1,12:16:00AM,#VALUE!,tandem_run,,,dim,failed,yob,wyb,
NoChoice,n.amb47,5,,435,1,12:18:02AM,#VALUE!,reverse_tandem_run,,,dim,success,wog,wwy,
NoChoice,n.amb47,5,,435,1,12:21:58AM,#VALUE!,tandem_run,,,dim,success,yww,wwy,
NoChoice,n.amb47,5,,435,1,12:21:58AM,#VALUE!,tandem_run,,,dim,failed,ygy,wbb,
NoChoice,n.amb47,5,12:23:45AM,435,2,12:00:02AM,#VALUE!,tandem_run,,,dim,success,ygy,gwb,
NoChoice,n.amb47,5,,435,1,12:23:30AM,#VALUE!,tandem_run,,,dim,failed,yww,wbb,
NoChoice,n.amb47,5,12:23:45AM,435,2,12:00:10AM,#VALUE!,reverse_tandem_run,,,dim,failed,wog,bbg,
NoChoice,n.amb47,5,12:23:45AM,435,2,12:09:23AM,#VALUE!,transport,,,dim,,wyb,g,walksaroundforawhile
NoChoice,n.amb47,5,12:23:45AM,435,2,12:03:17AM,#VALUE!,transport,,,dim,,wog,male,
NoChoice,n.amb47,5,12:23:45AM,435,2,12:04:24AM,#VALUE!,transport,,,dim,,ggg,new_worker,
NoChoice,n.amb47,5,12:23:45AM,435,2,12:04:40AM,#VALUE!,transport,,,dim,,bbg,new_worker,
NoChoice,n.amb47,5,12:23:45AM,435,2,12:06:58AM,#VALUE!,reverse_tandem_run,,,dim,success,bbg,gyo,
NoChoice,n.amb47,5,12:23:45AM,435,2,12:05:40AM,#VALUE!,transport,,,dim,,obb,male,
NoChoice,n.amb47,5,12:23:45AM,435,2,12:08:59AM,#VALUE!,transport,,,dim,,ooo,new_worker,
NoChoice,n.amb47,5,12:23:45AM,435,2,12:09:37AM,#VALUE!,transport,,,dim,,ogw,new_worker,
NoChoice,n.amb47,5,12:23:45AM,435,2,,#VALUE!,transport,,,dim,,oyy,male,
NoChoice,n.amb47,5,12:23:45AM,435,2,12:03:30AM,#VALUE!,reverse_tandem_run,,,dim,failed,ygy,gyo,
NoChoice,n.amb47,5,12:23:45AM,435,2,12:07:27AM,#VALUE!,reverse_tandem_run,,,dim,failed,ygy,wwy,
NoChoice,n.amb47,5,12:23:45AM,435,2,12:08:13AM,#VALUE!,reverse_tandem_run,,,dim,failed,ogw,yyg,
NoChoice,n.amb47,5,12:23:45AM,435,2,12:14:38AM,#VALUE!,reverse_tandem_run,,,dim,success,ogw,yob,
NoChoice,n.amb47,5,12:23:45AM,435,2,12:14:39AM,#VALUE!,reverse_tandem_run,,,dim,success,ogw,gyo,
NoChoice,n.amb47,5,12:23:45AM,435,2,12:15:25AM,#VALUE!,transport,,,dim,,owg,male,
NoChoice,n.amb47,5,12:23:45AM,435,2,12:16:31AM,#VALUE!,reverse_tandem_run,,,dim,success,ybo,ooo,
NoChoice,n.amb47,5,12:23:45AM,435,2,12:18:00AM,#VALUE!,transport,,,dim,,yww,wbw,
NoChoice,n.amb47,5,12:23:45AM,435,2,12:14:08AM,#VALUE!,reverse_tandem_run,,,dim,failed,ybo,obb,
NoChoice,n.amb47,5,12:47:30AM,435,3,12:06:10AM,#VALUE!,transport,,,dim,,oyy,male,
NoChoice,n.amb47,5,12:47:30AM,435,3,12:12:48AM,#VALUE!,transport,,,dim,,gow,ygy,
NoChoice,n.amb47,5,12:47:30AM,435,3,12:12:50AM,#VALUE!,transport,,,dim,,ogw,oyy,
NoChoice,n.amb47,5,12:47:30AM,435,3,12:13:47AM,#VALUE!,transport,,,dim,,obb,ybo,
NoChoice,n.amb47,5,#VALUE!,435,4,12:22:15AM,#VALUE!,transport,,,dim,,ogw,ygy,
NoChoice,n.amb47,5,1:58:45AM,435,6,12:16:59AM,#VALUE!,transport,,,dim,,yww,ygy,
NoChoice,n.amb45,3,,637,1,12:01:00AM,#VALUE!,start,,,,,,,
NoChoice,n.amb45,3,,637,1,12:06:23AM,#VALUE!,discovery,,,,,ybo,,
NoChoice,n.amb45,3,,637,1,12:19:56AM,#VALUE!,transport,,,dim,,ybo,oby,
NoChoice,n.amb45,3,12:23:45AM,637,2,12:00:09AM,#VALUE!,transport,,,dim,,gwb,byy,
NoChoice,n.amb45,3,12:23:45AM,637,2,12:01:08AM,#VALUE!,reverse_tandem_run,,,dim,failed,ygw,yyb,
NoChoice,n.amb45,3,12:23:45AM,637,2,12:20:04AM,#VALUE!,transport,,,dim,,ybo,wgb,
NoChoice,n.amb45,3,12:47:30AM,637,3,12:00:07AM,#VALUE!,transport,,,dim,,ygw,new_worker,
NoChoice,n.amb45,3,12:47:30AM,637,3,12:00:08AM,#VALUE!,transport,,,dim,,ybo,new_worker,
NoChoice,n.amb45,3,12:47:30AM,637,3,12:07:23AM,#VALUE!,transport,,,dim,,ygw,new_worker,
NoChoice,n.amb45,3,12:47:30AM,637,3,12:07:26AM,#VALUE!,transport,,,dim,,gyb,new_worker,
NoChoice,n.amb45,3,12:47:30AM,637,3,12:09:09AM,#VALUE!,transport,,,dim,,ybo,oby,
NoChoice,n.amb45,3,12:47:30AM,637,3,12:13:40AM,#VALUE!,transport,,,dim,,ygw,owo,
NoChoice,n.amb45,3,#VALUE!,637,4,12:42:45AM,#VALUE!,transport,,,dim,,wyo,bww,
NoChoice,n.amb45,3,1:11:15AM,637,4,12:42:46AM,#VALUE!,transport,,,dim,,oyw,new_worker,
NoChoice,n.amb45,3,1:11:15AM,637,4,12:11:02AM,#VALUE!,transport,,,dim,,ygw,owo,
NoChoice,n.amb45,3,1:11:15AM,637,4,12:16:12AM,#VALUE!,transport,,,dim,,oyw,gwb,
NoChoice,n.amb59,5,,298,,,209.082,start,,,,,,,
NoChoice,n.amb59,5,,298,,,870.205,discovery,,,,,wwy,,
NoChoice,n.amb59,5,,298,,,1072.26,tandem_run,dark,,dark,failed,wwy,wyb,
NoChoice,n.amb59,5,,298,,,1072.639,tandem_run,dark,,dark,failed,wwy,bgw,
NoChoice,n.amb59,5,,298,,,1075.973,tandem_run,dark,,dark,failed,wwy,gbo,
NoChoice,n.amb59,5,,298,,,1076.782,tandem_run,dark,,dark,success,wwy,owb,
NoChoice,n.amb59,5,,298,,,1077.948,tandem_run,dark,,dark,success,wwy,wgg,
NoChoice,n.amb59,5,,298,,,1078.937,tandem_run,dark,,dark,failed,wwy,bob,
NoChoice,n.amb59,5,,298,,,1079.924,tandem_run,dark,,dark,failed,wwy,ogy,
NoChoice,n.amb59,5,,298,,,1243.525,reverse_tandem_run,,dark,dark,failed,wwy,yww,
NoChoice,n.amb59,5,,298,,,1271.774,reverse_tandem_run,,dark,dark,failed,bby,ogo,
NoChoice,n.amb59,5,,298,,,1302.216,reverse_tandem_run,,dark,dark,success,bwo,gyy,
NoChoice,n.amb59,5,,298,,,1367.48,transport,dark,,dark,,bob,ogo,
NoChoice,n.amb59,5,,298,,,1380.633,transport,dark,,dark,,wyb,ybb,
NoChoice,n.amb59,5,,298,,,1468.592,reverse_tandem_run,,dark,dark,success,gbo,wyb,
NoChoice,n.amb59,5,,298,,,1686.524,transport,dark,,dark,,bwo,o,
NoChoice,n.amb59,5,,298,,,1711.331,reverse_tandem_run,,dark,dark,success,owb,ybb,
NoChoice,n.amb59,5,,298,,,1796.407,transport,dark,,dark,,bgw,w,
NoChoice,n.amb59,5,,298,,,1817.91,transport,dark,,dark,,obg,ogy,
NoChoice,n.amb59,5,,298,,,1862.937,transport,dark,,dark,,wgg,y,
NoChoice,n.amb59,5,,298,,,1870.908,transport,dark,,dark,,bby,bbb,
NoChoice,n.amb59,5,,298,,,1959.509,transport,dark,,dark,,obg,newworker,
NoChoice,n.amb59,5,,298,,,1980.819,transport,dark,,dark,,bby,www,
NoChoice,n.amb59,5,,298,,,2036.814,transport,dark,,dark,,wgg,newworker,
NoChoice,n.amb59,5,,298,,,2079.835,transport,dark,,dark,,wyb,yyy,
NoChoice,n.amb59,5,,298,,,2100.238,transport,dark,,dark,,yoy,newworker,
NoChoice,n.amb59,5,,298,,,2108.222,transport,dark,,dark,,ybb,yyg,
NoChoice,n.amb59,5,,298,,,2150.135,transport,dark,,dark,,obg,oyw,
NoChoice,n.amb59,5,,298,,,2159.506,transport,dark,,dark,,bgw,bob,
NoChoice,n.amb59,5,,298,,,2171.568,reverse_tandem_run,,dark,dark,failed,gbo,yww,
NoChoice,n.amb59,5,,298,,,2241.061,transport,dark,,dark,,bby,gbb,
NoChoice,n.amb59,5,,298,,,2276.105,transport,dark,,dark,,bwo,ggg,
NoChoice,n.amb59,5,,298,,,2302.872,transport,dark,,dark,,wgg,male,
NoChoice,n.amb59,5,,298,,,2338.644,reverse_tandem_run,,dark,dark,failed,owb,bby,
NoChoice,n.amb59,5,,298,,,2422.034,transport,dark,,dark,,woo,ggb,
NoChoice,n.amb59,5,,298,,,2427.04,transport,dark,,dark,,ygo,yyo,
NoChoice,n.amb59,5,,298,,,2433.946,transport,dark,,dark,,yoy,male,
NoChoice,n.amb59,5,,298,,,2483.852,transport,dark,,dark,,obg,boo,
NoChoice,n.amb59,5,,298,,,2565.627,transport,dark,,dark,,ygo,gyy,
NoChoice,n.amb59,5,,298,,,2807.14,transport,dark,,dark,,yww,wwy,
NoChoice,n.amb59,5,,298,,,4619.938,transport,dark,,dark,,ygo,bby,
NoChoice,n.amb59,5,,298,,,5906.839,transport,dark,,dark,,bgw,bby,
NoChoice,n.amb59,5,,298,,,9945.39,transport,dark,,dark,,obg,wgg,
NoChoice,n.amb47,3,,215,1,,12:00:58AM,start,,,dark,,,,
NoChoice,n.amb47,3,,215,1,,12:08:57AM,discovery,,,dark,,ggg,,
NoChoice,n.amb47,3,,215,1,,12:12:39AM,tandemrun,,,dark,failed,wwy,gyo,
NoChoice,n.amb47,3,,215,1,,12:16:06AM,tandemrun,,,dark,failed,ggg,ogw,
NoChoice,n.amb47,3,,215,1,,12:14:03AM,tandemrun,,,dark,failed,wwy,ybo,
NoChoice,n.amb47,3,,215,1,,12:17:09AM,tandemrun,,,dark,failed,ggg,obb,
NoChoice,n.amb47,3,,215,1,,12:18:15AM,tandemrun,,,dark,success,wog,yob,
NoChoice,n.amb47,3,,215,1,,12:18:15AM,tandemrun,,,dark,failed,wog,ygy,
NoChoice,n.amb47,3,,215,1,,12:18:15AM,tandemrun,,,dark,failed,wog,ybo,
NoChoice,n.amb47,3,,215,1,,12:19:18AM,tandemrun,,,dark,success,wwy,ooo,
NoChoice,n.amb47,3,,215,1,,12:20:30AM,tandemrun,,,dark,failed,yww,obb,
NoChoice,n.amb47,3,,215,1,,12:22:30AM,reversetandemrun,,,dark,failed,ggg,gyo,
NoChoice,n.amb47,3,12:23:45AM,215,2,12:01:10AM,#VALUE!,tandemrun,,,dark,failed,bbg,g,
NoChoice,n.amb47,3,12:23:45AM,215,2,12:01:10AM,#VALUE!,tandemrun,,,dark,success,yob,ybo,
NoChoice,n.amb47,3,12:23:45AM,215,2,12:02:47AM,#VALUE!,tandemrun,,,dark,success,ooo,owg,
NoChoice,n.amb47,3,12:23:45AM,215,2,12:02:47AM,#VALUE!,tandemrun,,,dark,failed,ygy,oyy,
NoChoice,n.amb47,3,12:23:45AM,215,2,12:02:47AM,#VALUE!,tandemrun,,,dark,success,ygy,gwb,
NoChoice,n.amb47,3,12:23:45AM,215,2,12:02:15AM,#VALUE!,tandemrun,,,dark,failed,bbg,gyo,
NoChoice,n.amb47,3,12:23:45AM,215,2,12:06:28AM,#VALUE!,reversetandemrun,,,dark,failed,bbg,ogw,
NoChoice,n.amb47,3,12:23:45AM,215,2,12:06:24AM,#VALUE!,reversetandemrun,,,dark,failed,wyb,gyo,
NoChoice,n.amb47,3,12:23:45AM,215,2,12:08:08AM,#VALUE!,transport,,,dark,,wyb,g,
NoChoice,n.amb47,3,12:23:45AM,215,2,12:07:41AM,#VALUE!,reversetandemrun,,,dark,failed,yob,gwb,
NoChoice,n.amb47,3,12:23:45AM,215,2,12:18:08AM,#VALUE!,transport,,,dark,,ggg,male,
NoChoice,n.amb47,3,12:23:45AM,215,2,12:18:34AM,#VALUE!,reversetandemrun,,,dark,success,ygy,ogw,
NoChoice,n.amb47,3,12:23:45AM,215,2,12:23:14AM,#VALUE!,transport,,,dark,,ogw,male,
NoChoice,n.amb47,3,12:47:30AM,215,3,12:00:33AM,#VALUE!,transport,,,dark,,obb,male,
NoChoice,n.amb47,3,12:23:45AM,215,2,12:23:44AM,#VALUE!,transport,,,dark,,yww,yyg,
NoChoice,n.amb47,3,12:23:45AM,215,2,12:10:15AM,#VALUE!,reversetandemrun,,,dark,failed,yww,gyo,
NoChoice,n.amb47,3,12:23:45AM,215,2,12:20:10AM,#VALUE!,reversetandemrun,,,dark,failed,ygy,bbg,
NoChoice,n.amb47,3,12:23:45AM,215,2,12:06:44AM,#VALUE!,reversetandemrun,,,dark,failed,wyb,ogw,
NoChoice,n.amb47,3,12:47:30AM,215,3,12:01:03AM,#VALUE!,transport,,,dark,,wbw,gow,
NoChoice,n.amb47,3,12:47:30AM,215,3,12:05:56AM,#VALUE!,transport,,,dark,,wwy,owg,
NoChoice,n.amb47,3,12:47:30AM,215,3,12:17:49AM,#VALUE!,transport,,,dark,,ogw,owg,
NoChoice,n.amb47,3,#VALUE!,215,4,12:06:01AM,#VALUE!,transport,,,dark,,wyb,oyy,
NoChoice,n.amb47,3,#VALUE!,215,5,12:07:45AM,#VALUE!,transport,,,dark,,bbg,yww,
NoChoice,n.amb47,3,#VALUE!,215,6,12:16:10AM,#VALUE!,transport,,,dark,,yob,wog,
NoChoice,n.amb47,3,#VALUE!,215,6,12:18:02AM,#VALUE!,transport,,,dark,,wwy,yob,
NoChoice,n.amb47,3,#VALUE!,215,7,12:01:27AM,#VALUE!,transport,,,dark,,yww,yob,
